,,min,mean,median,max
,,Result,Result,Result,Result
result_type,name,,,,
demand_met,30k_example,0.74,0.8403333333333334,0.84,0.91
input,30k_example,30132.0,30132.0,30132.0,30132.0
max_process_time_hours,30k_example,17.05,17.627000000000002,17.759999999999998,17.85
median_process_time_hours,30k_example,17.05,17.627000000000002,17.759999999999998,17.85
output,30k_example,22320.0,25345.6,25296.0,27528.0
