resource,name,Available,Used,Utilisation
beckman_rna_extraction,30k_recommended,16,9.342105263157894,0.5838815789473684
human_pcr,30k_recommended,3,1.295774647887324,0.431924882629108
human_rna_prep,30k_recommended,4,1.5704225352112675,0.3926056338028169
human_sample_prep,30k_recommended,5,1.6619718309859155,0.3323943661971831
human_sample_receipt,30k_recommended,12,7.676056338028169,0.6396713615023475
pcr_plate_reader,30k_recommended,13,6.726315789473684,0.5174089068825911
pcr_plate_stamper,30k_recommended,2,0.8947368421052632,0.4473684210526316
sample_prep_automation,30k_recommended,5,2.015789473684211,0.4031578947368421
